{"cameraMode":{"drawMode":0,"name":"Shaded","section":"Shading Mode"},"sceneLighting":false,"audioPlay":false,"sceneViewState":{"m_AlwaysRefresh":false,"showFog":true,"showSkybox":false,"showFlares":true,"showImageEffects":true,"showParticleSystems":true,"showVisualEffectGraphs":true,"m_FxEnabled":true},"in2DMode":false,"pivot":{"x":-9.647199630737305,"y":11.200664520263672,"z":20.10300064086914},"rotation":{"x":0.11463061720132828,"y":0.35379108786582949,"z":-0.04373646527528763,"w":0.9272481799125671},"size":7.1172661781311039,"orthographic":false}